timestamp,node_id,predicted_label,predicted_encoded,confidence
2025-10-30T05:57:11.669473,0,saint,8,0.9997431862135989
2025-10-30T05:57:11.731929,1,R2L,3,0.9993346228262063
2025-10-30T05:57:11.778800,2,Benign,0,0.9999412268750244
2025-10-30T05:57:11.841299,3,Probe,2,0.9990037407089619
2025-10-30T05:57:11.888169,4,snmpguess,9,0.9997452939240244
2025-10-30T05:57:11.935040,5,Probe,2,0.9989781405137763
2025-10-30T05:57:11.981914,6,Probe,2,0.9990050809998615
2025-10-30T05:57:12.044409,7,saint,8,0.9997424598370727
2025-10-30T05:57:12.091279,8,Probe,2,0.9989206371156483
2025-10-30T05:57:12.153776,9,snmpguess,9,0.999745327168042
2025-10-30T05:57:12.216272,10,Benign,0,0.9999412206363213
2025-10-30T05:57:12.263143,11,Probe,2,0.9990051733379383
2025-10-30T05:57:12.325638,12,DoS,1,0.9995276698112188
2025-10-30T05:57:12.388133,13,Probe,2,0.9990023556474711
2025-10-30T05:57:12.450630,14,mscan,6,0.9997139863617572
2025-10-30T05:57:12.497502,15,snmpguess,9,0.9997452733253
2025-10-30T05:57:12.559997,16,processtable,7,0.9997454957622716
2025-10-30T05:57:12.622493,17,processtable,7,0.9997455500726263
2025-10-30T05:57:12.669366,18,apache2,4,0.9997456298775265
2025-10-30T05:57:12.731861,19,processtable,7,0.9997455431749024
2025-10-30T05:57:13.678874,0,R2L,3,0.9993347827501684
2025-10-30T05:57:13.741333,1,DoS,1,0.9995276665977784
2025-10-30T05:57:13.788204,2,R2L,3,0.9993342825341979
2025-10-30T05:57:13.835076,3,mailbomb,5,0.9997453615026446
2025-10-30T05:57:13.897573,4,mscan,6,0.999713957727161
2025-10-30T05:57:13.944444,5,R2L,3,0.9993342825328538
2025-10-30T05:57:13.991316,6,processtable,7,0.9997455510219999
2025-10-30T05:57:14.038188,7,mscan,6,0.9997140975721862
2025-10-30T05:57:14.085059,8,snmpguess,9,0.9997453228406953
2025-10-30T05:57:14.147554,9,saint,8,0.9997419285532713
2025-10-30T05:57:14.210050,10,mscan,6,0.9997141000962807
2025-10-30T05:57:14.256923,11,saint,8,0.9997425855945666
2025-10-30T05:57:14.319419,12,snmpguess,9,0.9997452678982673
2025-10-30T05:57:14.381915,13,snmpguess,9,0.9997453287313838
2025-10-30T05:57:14.428786,14,mailbomb,5,0.9997453739203815
2025-10-30T05:57:14.495976,15,apache2,4,0.9997456339927779
2025-10-30T05:57:14.558212,16,saint,8,0.9997428178031706
2025-10-30T05:57:14.624419,17,DoS,1,0.9995273669664853
2025-10-30T05:57:14.690336,18,snmpguess,9,0.999745321474124
2025-10-30T05:57:14.739023,19,Benign,0,0.9999411541106793
2025-10-30T05:57:15.708921,0,R2L,3,0.9993345480458995
2025-10-30T05:57:15.768531,1,R2L,3,0.9993341545674637
2025-10-30T05:57:15.829203,2,Benign,0,0.9999412312870536
2025-10-30T05:57:15.879610,3,Benign,0,0.9999160872161476
2025-10-30T05:57:15.948419,4,mscan,6,0.9997140846694885
2025-10-30T05:57:15.997186,5,mailbomb,5,0.9997453522020254
2025-10-30T05:57:16.052173,6,processtable,7,0.9997455091785958
2025-10-30T05:57:16.099047,7,Benign,0,0.9999412141982217
2025-10-30T05:57:16.145917,8,mscan,6,0.9997140879543551
2025-10-30T05:57:16.212751,9,processtable,7,0.9997455489823049
2025-10-30T05:57:16.273243,10,saint,8,0.9997437996730345
2025-10-30T05:57:16.333758,11,Benign,0,0.9998685001916452
2025-10-30T05:57:16.397584,12,mscan,6,0.9997140957744651
2025-10-30T05:57:16.454360,13,processtable,7,0.9997455099916853
2025-10-30T05:57:16.516858,14,saint,8,0.9997432939953257
2025-10-30T05:57:16.563728,15,saint,8,0.9997436537813271
2025-10-30T05:57:16.626225,16,snmpguess,9,0.9997453297033453
2025-10-30T05:57:16.688719,17,mailbomb,5,0.999745364851135
2025-10-30T05:57:16.735592,18,snmpguess,9,0.9997453280020897
2025-10-30T05:57:16.798088,19,processtable,7,0.9997455309012561
2025-10-30T05:57:17.682491,0,Benign,0,0.9999411938119085
2025-10-30T05:57:17.744964,1,DoS,1,0.9995275966835568
2025-10-30T05:57:17.791834,2,apache2,4,0.9997449583974918
2025-10-30T05:57:17.838706,3,Probe,2,0.9990050783470782
2025-10-30T05:57:17.885579,4,R2L,3,0.9993334501641155
2025-10-30T05:57:17.932449,5,DoS,1,0.999527671517059
2025-10-30T05:57:17.979321,6,R2L,3,0.9993338726248232
2025-10-30T05:57:18.041818,7,snmpguess,9,0.9997453290978184
2025-10-30T05:57:18.088690,8,saint,8,0.9997438029139555
2025-10-30T05:57:18.135562,9,Benign,0,0.9999362651970118
2025-10-30T05:57:18.182433,10,Probe,2,0.999004359296395
2025-10-30T05:57:18.244930,11,Probe,2,0.9990049314134659
2025-10-30T05:57:18.307425,12,Probe,2,0.9990046262990683
2025-10-30T05:57:18.354298,13,saint,8,0.999743790171953
2025-10-30T05:57:18.416790,14,R2L,3,0.9993345348456666
2025-10-30T05:57:18.479287,15,apache2,4,0.9997456135542224
2025-10-30T05:57:18.541786,16,apache2,4,0.999745606107357
2025-10-30T05:57:18.588656,17,mscan,6,0.9997140888676022
2025-10-30T05:57:18.651153,18,Probe,2,0.9990052036975133
2025-10-30T05:57:18.698022,19,DoS,1,0.999527655662651
2025-10-30T05:57:19.702978,0,snmpguess,9,0.9997453301714472
2025-10-30T05:57:19.749848,1,snmpguess,9,0.9997453293479861
2025-10-30T05:57:19.796719,2,Benign,0,0.9999412267344312
2025-10-30T05:57:19.859214,3,Benign,0,0.9999412256924561
2025-10-30T05:57:19.906086,4,R2L,3,0.9993043023162679
2025-10-30T05:57:19.952957,5,saint,8,0.99974272740075
2025-10-30T05:57:19.999830,6,R2L,3,0.9993327246580046
2025-10-30T05:57:20.062326,7,DoS,1,0.9995276702437365
2025-10-30T05:57:20.109197,8,mailbomb,5,0.9997453583575928
2025-10-30T05:57:20.171693,9,apache2,4,0.9997456306608193
2025-10-30T05:57:20.234189,10,saint,8,0.9997438022675936
2025-10-30T05:57:20.281062,11,mailbomb,5,0.9997453741630273
2025-10-30T05:57:20.343555,12,processtable,7,0.9997455493505079
2025-10-30T05:57:20.406051,13,mscan,6,0.9997140692935512
2025-10-30T05:57:20.468551,14,processtable,7,0.9997455500762322
2025-10-30T05:57:20.515419,15,mailbomb,5,0.9997453440163883
2025-10-30T05:57:20.577915,16,mailbomb,5,0.9997453522020254
2025-10-30T05:57:20.640412,17,saint,8,0.9997428058701159
2025-10-30T05:57:20.702908,18,mscan,6,0.9997140981682052
2025-10-30T05:57:20.749779,19,apache2,4,0.9997456024079766
2025-10-30T05:57:21.702997,0,R2L,3,0.9993337240806341
2025-10-30T05:57:21.765487,1,DoS,1,0.9995272389135561
2025-10-30T05:57:21.812358,2,Benign,0,0.9999412323163157
2025-10-30T05:57:21.859231,3,saint,8,0.999742679719344
2025-10-30T05:57:21.906106,4,processtable,7,0.999745551383882
2025-10-30T05:57:21.968598,5,Benign,0,0.99994123064631
2025-10-30T05:57:22.015470,6,processtable,7,0.9997455063830692
2025-10-30T05:57:22.062341,7,mscan,6,0.9997141013298009
2025-10-30T05:57:22.109214,8,apache2,4,0.9997456146941881
2025-10-30T05:57:22.171709,9,R2L,3,0.9993344451720106
2025-10-30T05:57:22.234205,10,apache2,4,0.9997456254954826
2025-10-30T05:57:22.296701,11,mscan,6,0.9997140929101691
2025-10-30T05:57:22.343573,12,snmpguess,9,0.9997453298190919
2025-10-30T05:57:22.406066,13,processtable,7,0.9997455214469144
2025-10-30T05:57:22.452940,14,saint,8,0.999742679719344
2025-10-30T05:57:22.515437,15,Probe,2,0.999004909611791
2025-10-30T05:57:22.562308,16,Benign,0,0.9999412317151055
2025-10-30T05:57:22.609179,17,mscan,6,0.9997141026909431
2025-10-30T05:57:22.656052,18,mscan,6,0.9997140898641043
2025-10-30T05:57:22.702922,19,mailbomb,5,0.9997453544747985
2025-10-30T05:57:23.701847,0,saint,8,0.9997428178031706
2025-10-30T05:57:23.748714,1,apache2,4,0.9997456156948772
2025-10-30T05:57:23.795585,2,processtable,7,0.9997455502910171
2025-10-30T05:57:23.842458,3,snmpguess,9,0.9997452840167558
2025-10-30T05:57:23.889330,4,DoS,1,0.9995274979200163
2025-10-30T05:57:23.951826,5,Benign,0,0.9999412299662223
2025-10-30T05:57:23.998696,6,snmpguess,9,0.9997453287313838
2025-10-30T05:57:24.045569,7,mscan,6,0.9997138512857618
2025-10-30T05:57:24.092440,8,mscan,6,0.9997140815237062
2025-10-30T05:57:24.139313,9,apache2,4,0.9997456409478069
2025-10-30T05:57:24.201808,10,processtable,7,0.9997453352272924
2025-10-30T05:57:24.248681,11,mailbomb,5,0.999745364851135
2025-10-30T05:57:24.326799,12,processtable,7,0.9997455500762322
2025-10-30T05:57:24.389295,13,mailbomb,5,0.99974536960872
2025-10-30T05:57:24.451792,14,snmpguess,9,0.999745327649099
2025-10-30T05:57:24.498664,15,mscan,6,0.9997140973779753
2025-10-30T05:57:24.561158,16,Benign,0,0.9999412300566197
2025-10-30T05:57:24.623654,17,saint,8,0.999743808721131
2025-10-30T05:57:24.686151,18,saint,8,0.9997432502865766
2025-10-30T05:57:24.733022,19,Probe,2,0.9990038596648766
2025-10-30T05:57:25.725398,0,mscan,6,0.999714098678125
2025-10-30T05:57:25.789928,1,saint,8,0.9997425855945666
2025-10-30T05:57:25.837672,2,DoS,1,0.9995274983582665
2025-10-30T05:57:25.884543,3,Benign,0,0.9998913971712066
2025-10-30T05:57:25.940057,4,processtable,7,0.9997455150559211
2025-10-30T05:57:26.001043,5,DoS,1,0.9995276690941864
2025-10-30T05:57:26.054439,6,apache2,4,0.9997455742454978
2025-10-30T05:57:26.099798,7,saint,8,0.9997424598370727
2025-10-30T05:57:26.154414,8,DoS,1,0.9995276700677905
2025-10-30T05:57:26.201286,9,R2L,3,0.9993331313322494
2025-10-30T05:57:26.263782,10,saint,8,0.9997425855945666
2025-10-30T05:57:26.310653,11,Probe,2,0.9990042126756401
2025-10-30T05:57:26.373148,12,R2L,3,0.9993344678925336
2025-10-30T05:57:26.435643,13,processtable,7,0.9997455519776324
2025-10-30T05:57:26.498140,14,mailbomb,5,0.9997453645065403
2025-10-30T05:57:26.560634,15,DoS,1,0.9995276692643187
2025-10-30T05:57:26.623130,16,Benign,0,0.999939188801705
2025-10-30T05:57:26.670003,17,apache2,4,0.9997456287489735
2025-10-30T05:57:26.732499,18,R2L,3,0.9993348334693095
2025-10-30T05:57:26.779371,19,Benign,0,0.9999412210179986
2025-10-30T06:12:43.436569,0,R2L,3,0.999334730773053
2025-10-30T06:12:43.649685,1,mailbomb,5,0.9997453503365114
2025-10-30T06:12:43.867291,2,DoS,1,0.9995276631103753
2025-10-30T06:12:44.134442,3,saint,8,0.999743808721131
2025-10-30T06:12:44.304200,4,snmpguess,9,0.9997453228406953
2025-10-30T06:12:44.479326,5,Probe,2,0.9990040701462476
2025-10-30T06:12:44.625795,6,processtable,7,0.9997455502910171
2025-10-30T06:12:44.788755,7,mailbomb,5,0.9997453499294361
2025-10-30T06:12:44.926480,8,mailbomb,5,0.9997453774022882
2025-10-30T06:12:45.139434,9,mscan,6,0.999713946980731
2025-10-30T06:12:45.308652,10,snmpguess,9,0.999745324020956
2025-10-30T06:12:45.511777,11,Benign,0,0.9999392208859377
2025-10-30T06:12:45.669818,12,saint,8,0.9997425855945666
2025-10-30T06:12:45.846760,13,DoS,1,0.9995276697671555
2025-10-30T06:12:46.017110,14,mscan,6,0.9997127844965064
2025-10-30T06:12:46.185463,15,snmpguess,9,0.9997453297009757
2025-10-30T06:12:46.382837,16,processtable,7,0.9997455493295493
2025-10-30T06:12:46.545398,17,DoS,1,0.9995276669924854
2025-10-30T06:12:46.712462,18,processtable,7,0.999745551383882
2025-10-30T06:12:46.886994,19,Benign,0,0.9999412053799638
2025-10-30T06:12:47.389392,0,Benign,0,0.9999412269910126
2025-10-30T06:12:47.702165,1,apache2,4,0.9997456318410473
2025-10-30T06:12:47.821155,2,Probe,2,0.999005072888556
2025-10-30T06:12:47.966219,3,mscan,6,0.9997140897848826
2025-10-30T06:12:48.293460,4,mailbomb,5,0.99974536960872
2025-10-30T06:12:48.704040,5,Benign,0,0.9999412323621525
2025-10-30T06:12:49.200225,6,saint,8,0.9997436272895451
2025-10-30T06:12:49.369094,7,apache2,4,0.9997456372368533
2025-10-30T06:12:49.575613,8,snmpguess,9,0.9997453283674735
2025-10-30T06:12:49.754255,9,DoS,1,0.9995276733367979
2025-10-30T06:12:49.950985,10,snmpguess,9,0.9997452814778718
2025-10-30T06:12:50.119875,11,apache2,4,0.9997456387577589
2025-10-30T06:12:50.303471,12,Probe,2,0.9990049605916592
2025-10-30T06:12:50.483813,13,R2L,3,0.9993318520460648
2025-10-30T06:12:50.636716,14,snmpguess,9,0.9997452718755674
2025-10-30T06:12:50.812808,15,processtable,7,0.9997455082143616
2025-10-30T06:12:50.941342,16,apache2,4,0.999745254178919
2025-10-30T06:12:51.142863,17,Benign,0,0.9999380928998896
2025-10-30T06:12:51.329636,18,Benign,0,0.9999412248088936
2025-10-30T06:12:51.461869,19,R2L,3,0.9993348299688
2025-10-30T06:12:51.753521,0,R2L,3,0.9993338726248232
2025-10-30T06:12:51.837082,1,Probe,2,0.9990051565499525
2025-10-30T06:12:52.008092,2,mailbomb,5,0.9997453615026446
2025-10-30T06:12:52.175636,3,Benign,0,0.9999412319060319
2025-10-30T06:12:52.328637,4,mscan,6,0.9997139686480513
2025-10-30T06:12:52.467150,5,mailbomb,5,0.9997453741630273
2025-10-30T06:12:52.611379,6,apache2,4,0.9997456408322694
2025-10-30T06:12:52.793048,7,Probe,2,0.9990050827041046
2025-10-30T06:12:52.973643,8,processtable,7,0.9997455126340294
2025-10-30T06:12:53.150944,9,processtable,7,0.9997455012241405
2025-10-30T06:12:53.337917,10,mailbomb,5,0.9997452063800913
2025-10-30T06:12:53.503958,11,snmpguess,9,0.9997452939240244
2025-10-30T06:12:53.636509,12,mscan,6,0.999714087890369
2025-10-30T06:12:53.787230,13,saint,8,0.9997421836620798
2025-10-30T06:12:53.933267,14,R2L,3,0.9993345735802809
2025-10-30T06:12:54.085169,15,Benign,0,0.9999411947770879
2025-10-30T06:12:54.251476,16,mailbomb,5,0.9997453768018078
2025-10-30T06:12:54.376685,17,processtable,7,0.999745509173151
2025-10-30T06:12:54.570030,18,saint,8,0.9997428178031706
2025-10-30T06:12:54.700308,19,mscan,6,0.999714098754287
2025-10-30T06:12:54.939858,0,apache2,4,0.9997456289624022
2025-10-30T06:12:55.048467,1,R2L,3,0.9993347551050591
2025-10-30T06:12:55.191911,2,R2L,3,0.9993346829818247
2025-10-30T06:12:55.346310,3,processtable,7,0.9997455487360203
2025-10-30T06:12:55.501073,4,DoS,1,0.9995274979200163
2025-10-30T06:12:55.685572,5,DoS,1,0.9995276700165819
2025-10-30T06:12:55.879515,6,apache2,4,0.999745619935717
2025-10-30T06:12:56.075218,7,DoS,1,0.9995273510390217
2025-10-30T06:12:56.249615,8,mailbomb,5,0.9997453376608171
2025-10-30T06:12:56.417535,9,snmpguess,9,0.9997452919423598
2025-10-30T06:12:56.579375,10,apache2,4,0.99974562884915
2025-10-30T06:12:56.725350,11,Benign,0,0.9999412325081242
2025-10-30T06:12:56.874886,12,snmpguess,9,0.9997453288517938
2025-10-30T06:12:57.020324,13,apache2,4,0.9997456236851402
2025-10-30T06:12:57.171357,14,mailbomb,5,0.9997453499294361
2025-10-30T06:12:57.325793,15,snmpguess,9,0.999745036826974
2025-10-30T06:12:57.463913,16,apache2,4,0.9997456307599716
2025-10-30T06:12:57.604108,17,Benign,0,0.9999412267223039
2025-10-30T06:12:57.738315,18,apache2,4,0.9997456146941881
2025-10-30T06:12:57.890518,19,snmpguess,9,0.9997453294576043
2025-10-30T06:12:58.254364,0,snmpguess,9,0.9997451281055191
2025-10-30T06:12:58.351236,1,R2L,3,0.9993337220624668
2025-10-30T06:12:58.509910,2,Probe,2,0.9990031807818851
2025-10-30T06:12:58.639080,3,R2L,3,0.999334443654917
2025-10-30T06:12:58.802170,4,Benign,0,0.9999412320887168
2025-10-30T06:12:58.937900,5,mscan,6,0.9997130076303375
2025-10-30T06:12:59.091570,6,apache2,4,0.99974563829055
2025-10-30T06:12:59.339126,7,Probe,2,0.9990045720905344
2025-10-30T06:12:59.506783,8,processtable,7,0.9997455201667494
2025-10-30T06:12:59.652647,9,processtable,7,0.9997455077385726
2025-10-30T06:12:59.803775,10,apache2,4,0.9997456389889172
2025-10-30T06:12:59.941949,11,DoS,1,0.9995276707381825
2025-10-30T06:13:00.111427,12,snmpguess,9,0.9997453304116843
2025-10-30T06:13:00.276985,13,Probe,2,0.9990046009327914
2025-10-30T06:13:00.420529,14,Benign,0,0.9999412319840947
2025-10-30T06:13:00.560038,15,saint,8,0.9997438068995786
2025-10-30T06:13:00.704746,16,Probe,2,0.9990046378240336
2025-10-30T06:13:00.843550,17,R2L,3,0.9993345108491796
2025-10-30T06:13:00.999842,18,DoS,1,0.9995276690608926
2025-10-30T06:13:01.134012,19,mailbomb,5,0.9997453780214268
2025-10-30T06:13:01.479614,0,saint,8,0.9997431862135989
2025-10-30T06:13:01.559443,1,saint,8,0.9997436272895451
2025-10-30T06:13:01.741630,2,mailbomb,5,0.9997453774022882
2025-10-30T06:13:01.862091,3,R2L,3,0.9993346689190424
2025-10-30T06:13:02.022486,4,saint,8,0.9997437483895326
2025-10-30T06:13:02.158155,5,R2L,3,0.9993331710970115
2025-10-30T06:13:02.321251,6,DoS,1,0.9995276704947653
2025-10-30T06:13:02.552974,7,saint,8,0.9997410610785592
2025-10-30T06:13:02.766348,8,snmpguess,9,0.9997453268090821
2025-10-30T06:13:02.905195,9,Probe,2,0.9990052056685769
2025-10-30T06:13:03.060146,10,Probe,2,0.9990047399598576
2025-10-30T06:13:03.191018,11,processtable,7,0.9997455500762322
2025-10-30T06:13:03.338264,12,saint,8,0.9997437777456978
2025-10-30T06:13:03.479421,13,saint,8,0.9997426988175686
2025-10-30T06:13:03.611443,14,Benign,0,0.9999412318269454
2025-10-30T06:13:03.788800,15,mailbomb,5,0.9997453451057952
2025-10-30T06:13:03.947743,16,processtable,7,0.9997455467341736
2025-10-30T06:13:04.081017,17,saint,8,0.9997437930904761
2025-10-30T06:13:04.240996,18,mailbomb,5,0.9997453590601648
2025-10-30T06:13:04.380224,19,Benign,0,0.9999412317747708
2025-10-30T06:13:04.672769,0,apache2,4,0.9997456295524034
2025-10-30T06:13:04.754760,1,DoS,1,0.9995276693812652
2025-10-30T06:13:04.927358,2,apache2,4,0.9997456387577589
2025-10-30T06:13:05.093491,3,Benign,0,0.9999360699353732
2025-10-30T06:13:05.255198,4,snmpguess,9,0.9997453297033453
2025-10-30T06:13:05.391325,5,Probe,2,0.9990044470849786
2025-10-30T06:13:05.545218,6,mailbomb,5,0.99974536960872
2025-10-30T06:13:05.755212,7,Probe,2,0.9989983540449376
2025-10-30T06:13:05.947397,8,processtable,7,0.9997455163350636
2025-10-30T06:13:06.197078,9,saint,8,0.9997426672070086
2025-10-30T06:13:06.346887,10,R2L,3,0.9993292088847737
2025-10-30T06:13:06.613387,11,mscan,6,0.999714080316892
2025-10-30T06:13:06.790159,12,snmpguess,9,0.9997453228406953
2025-10-30T06:13:06.933372,13,Probe,2,0.999004336151651
2025-10-30T06:13:07.077068,14,mailbomb,5,0.9997453713677693
2025-10-30T06:13:07.292323,15,mailbomb,5,0.9997453741630273
2025-10-30T06:13:07.439153,16,saint,8,0.9997438068995786
2025-10-30T06:13:07.571793,17,snmpguess,9,0.999745324020956
2025-10-30T06:13:07.714491,18,processtable,7,0.9997455485112053
2025-10-30T06:13:07.875390,19,Probe,2,0.99900112097437
2025-10-30T06:13:08.129445,0,processtable,7,0.999745549231352
2025-10-30T06:13:08.274169,1,DoS,1,0.9994916081128661
2025-10-30T06:13:08.548515,2,mailbomb,5,0.999745378850354
2025-10-30T06:13:08.726619,3,processtable,7,0.9997455287098389
2025-10-30T06:13:08.895205,4,apache2,4,0.9997456150092244
2025-10-30T06:13:09.071588,5,R2L,3,0.999334352021114
2025-10-30T06:13:09.344947,6,DoS,1,0.9995276660740825
2025-10-30T06:13:09.592341,7,Probe,2,0.9989606206047162
2025-10-30T06:13:09.808292,8,R2L,3,0.9993348373516827
2025-10-30T06:13:09.972614,9,saint,8,0.999743790171953
2025-10-30T06:13:10.138764,10,snmpguess,9,0.9997438155802632
2025-10-30T06:13:10.329678,11,mscan,6,0.9997140061072828
2025-10-30T06:13:10.477622,12,DoS,1,0.9995276375004993
2025-10-30T06:13:10.642546,13,Benign,0,0.9999412319859445
2025-10-30T06:13:10.880856,14,Benign,0,0.9999261917268374
2025-10-30T06:13:11.052081,15,mailbomb,5,0.9997453544778994
2025-10-30T06:13:11.213661,16,mscan,6,0.9997140044163039
2025-10-30T06:13:11.369965,17,mailbomb,5,0.9997453780214268
2025-10-30T06:13:11.506547,18,Probe,2,0.9990050099522122
2025-10-30T06:13:11.639044,19,mscan,6,0.9997139876126584
2025-10-30T06:13:11.921580,0,mscan,6,0.9997140894886816
2025-10-30T06:13:12.027567,1,mailbomb,5,0.9997453787271274
2025-10-30T06:13:12.246083,2,apache2,4,0.9997456127174471
2025-10-30T06:13:12.502343,3,mailbomb,5,0.9997453741630273
2025-10-30T06:13:12.783417,4,snmpguess,9,0.999745330535819
2025-10-30T06:13:13.176352,5,mailbomb,5,0.9997453624321171
2025-10-30T06:13:13.474149,6,Probe,2,0.9990051660019419
2025-10-30T06:13:13.627393,7,R2L,3,0.9993346971597541
2025-10-30T06:13:13.809424,8,snmpguess,9,0.9997453295716853
2025-10-30T06:13:13.956232,9,saint,8,0.9997435284646249
2025-10-30T06:13:14.106308,10,DoS,1,0.9995276710355013
2025-10-30T06:13:14.247547,11,mailbomb,5,0.9997451993719559
2025-10-30T06:13:14.450619,12,Probe,2,0.999004860439724
2025-10-30T06:13:14.606181,13,mscan,6,0.99971372250288
2025-10-30T06:13:14.844748,14,mscan,6,0.9997140957854457
2025-10-30T06:13:15.249995,15,mscan,6,0.9997140061072828
2025-10-30T06:13:15.648878,16,Benign,0,0.8233657205541436
2025-10-30T06:13:15.909812,17,DoS,1,0.9995276592429495
2025-10-30T06:13:16.081293,18,DoS,1,0.9995276715040637
2025-10-30T06:13:16.274743,19,processtable,7,0.9997455507781088
2025-10-30T06:13:16.723510,0,mailbomb,5,0.9997453503365114
2025-10-30T06:13:16.891006,1,Benign,0,0.9999412264240588
2025-10-30T06:13:17.037726,2,saint,8,0.9997438120530139
2025-10-30T06:13:17.223216,3,R2L,3,0.9993348134033389
2025-10-30T06:13:17.407478,4,DoS,1,0.9995276226382447
2025-10-30T06:13:17.683684,5,mscan,6,0.9997140888676022
2025-10-30T06:13:17.926183,6,processtable,7,0.9997455507781088
2025-10-30T06:13:18.192272,7,apache2,4,0.9997456379437994
2025-10-30T06:13:18.396555,8,Benign,0,0.9999412323584492
2025-10-30T06:13:18.554505,9,R2L,3,0.9993326182088746
2025-10-30T06:13:18.718449,10,Probe,2,0.9990050812797101
2025-10-30T06:13:18.906783,11,mailbomb,5,0.9997453741630273
2025-10-30T06:13:19.073252,12,DoS,1,0.999527668746397
2025-10-30T06:13:19.255484,13,apache2,4,0.9997456079096215
2025-10-30T06:13:19.449206,14,processtable,7,0.9997453598476529
2025-10-30T06:13:19.621836,15,DoS,1,0.9995276692383506
2025-10-30T06:13:19.773508,16,mailbomb,5,0.9997453684150495
2025-10-30T06:13:19.966499,17,DoS,1,0.9995276148568172
2025-10-30T06:13:20.153157,18,processtable,7,0.9997455055383996
2025-10-30T06:13:20.298306,19,R2L,3,0.9993347426899017
2025-10-30T06:13:20.558172,0,Benign,0,0.9999412252981507
2025-10-30T06:13:20.656442,1,processtable,7,0.9997455510284456
2025-10-30T06:13:20.792868,2,DoS,1,0.9995272141303649
2025-10-30T06:13:20.957240,3,apache2,4,0.9997456351960068
2025-10-30T06:13:21.113033,4,mailbomb,5,0.9997453452383743
2025-10-30T06:13:21.250531,5,Benign,0,0.9999357484207784
2025-10-30T06:13:21.394134,6,DoS,1,0.9995275646300319
2025-10-30T06:13:21.649577,7,mscan,6,0.9997139876126584
2025-10-30T06:13:21.819251,8,mailbomb,5,0.9997453781319485
2025-10-30T06:13:21.991705,9,R2L,3,0.9993340970741769
2025-10-30T06:13:22.135812,10,mailbomb,5,0.9997453787271274
2025-10-30T06:13:22.290985,11,saint,8,0.9997416887923145
2025-10-30T06:13:22.435055,12,DoS,1,0.9995276726543921
2025-10-30T06:13:22.594395,13,Probe,2,0.9990044263162772
2025-10-30T06:13:22.750835,14,saint,8,0.9997431227317561
2025-10-30T06:13:22.887016,15,mscan,6,0.9997139360256544
2025-10-30T06:13:23.047804,16,processtable,7,0.9997455133548695
2025-10-30T06:13:23.178252,17,apache2,4,0.9997456346919806
2025-10-30T06:13:23.370448,18,Probe,2,0.9989931949059716
2025-10-30T06:13:23.723596,19,apache2,4,0.9997456361387153
2025-10-30T06:13:24.112680,0,mscan,6,0.9997138277277516
2025-10-30T06:13:24.261318,1,saint,8,0.9997428178031706
2025-10-30T06:13:24.612786,2,mscan,6,0.9997140957854457
2025-10-30T06:13:24.832643,3,R2L,3,0.999334493729278
2025-10-30T06:13:25.201603,4,apache2,4,0.9997456311168976
2025-10-30T06:13:27.129293,5,Benign,0,0.9999412318276802
2025-10-30T06:13:28.897116,6,snmpguess,9,0.9997451281055191
2025-10-30T06:13:30.039013,7,mscan,6,0.9997140796998367
2025-10-30T06:13:31.584577,8,mscan,6,0.999714011178589
2025-10-30T06:13:33.425243,9,DoS,1,0.9995272141303649
2025-10-30T06:13:35.865057,10,snmpguess,9,0.9997453252123252
2025-10-30T06:13:37.751151,11,mscan,6,0.9997140750530977
2025-10-30T06:13:38.758541,12,DoS,1,0.9995276667607944
2025-10-30T06:13:39.904160,13,R2L,3,0.9993344553536105
2025-10-30T06:13:41.358138,14,apache2,4,0.9997456409432649
2025-10-30T06:13:42.965578,15,mscan,6,0.9997140912233415
2025-10-30T06:13:45.319291,16,Benign,0,0.9999410083566606
2025-10-30T06:13:46.859243,17,processtable,7,0.9997455063840767
2025-10-30T06:13:48.459757,18,Benign,0,0.9999412291723644
2025-10-30T06:13:49.840020,19,Probe,2,0.9990028013140194
2025-10-30T06:13:28.817133,0,mailbomb,5,0.9997453590601648
2025-10-30T06:13:30.090901,1,Benign,0,0.9999412317530658
2025-10-30T06:13:31.817379,2,Probe,2,0.9990049739016331
2025-10-30T06:13:34.889112,3,saint,8,0.9997426988175686
2025-10-30T06:13:36.712938,4,R2L,3,0.9993337803971489
2025-10-30T06:13:38.152728,5,saint,8,0.9997432440775722
2025-10-30T06:13:39.186505,6,mscan,6,0.999714087947785
2025-10-30T06:13:39.968163,7,apache2,4,0.9997456325393115
2025-10-30T06:13:41.601936,8,mscan,6,0.9997133720727678
2025-10-30T06:13:43.064785,9,Probe,2,0.9990050222292464
2025-10-30T06:13:44.733785,10,Probe,2,0.9990050808639304
2025-10-30T06:13:46.047217,11,processtable,7,0.9997455485112053
2025-10-30T06:13:47.509765,12,R2L,3,0.9993345384499128
2025-10-30T06:13:48.713652,13,mscan,6,0.9997140778367213
2025-10-30T06:13:50.983919,14,saint,8,0.9997433945274897
2025-10-30T06:13:53.335723,15,saint,8,0.9997425855945666
2025-10-30T06:13:54.777280,16,saint,8,0.9997421836620798
2025-10-30T06:13:55.668512,17,apache2,4,0.9997456331757532
2025-10-30T06:13:56.617246,18,Probe,2,0.9989998450044772
2025-10-30T06:13:57.189284,19,mscan,6,0.9997140899276287
2025-10-30T06:13:29.798378,0,mscan,6,0.9997137918390737
2025-10-30T06:13:31.197701,1,saint,8,0.9997428178031706
2025-10-30T06:13:32.881294,2,Benign,0,0.9999412315719667
2025-10-30T06:13:36.209002,3,Probe,2,0.9990013124541377
2025-10-30T06:13:37.585523,4,processtable,7,0.9997455500762322
2025-10-30T06:13:38.288648,5,Benign,0,0.9999412324396518
2025-10-30T06:13:39.113760,6,R2L,3,0.9993344049514681
2025-10-30T06:13:39.904160,7,mscan,6,0.9997140911185671
2025-10-30T06:13:41.350141,8,R2L,3,0.9993347335595524
2025-10-30T06:13:43.339919,9,Benign,0,0.9999386783077819
2025-10-30T06:13:44.981774,10,Benign,0,0.9999412329196437
2025-10-30T06:13:46.475302,11,Probe,2,0.9990036718742135
2025-10-30T06:13:47.750502,12,mscan,6,0.9997127844965064
2025-10-30T06:13:48.881656,13,snmpguess,9,0.99974529018406
2025-10-30T06:13:51.479878,14,mailbomb,5,0.9997453716508836
2025-10-30T06:13:54.594090,15,mscan,6,0.9997139294612827
2025-10-30T06:13:55.485907,16,mailbomb,5,0.9997453590601648
2025-10-30T06:13:56.184800,17,saint,8,0.9997437895658937
2025-10-30T06:13:56.964281,18,snmpguess,9,0.9997453223279922
2025-10-30T06:13:57.606640,19,DoS,1,0.9995276698067266
2025-10-30T06:13:31.793382,0,Benign,0,0.9999412252704927
2025-10-30T06:13:36.169002,1,Probe,2,0.9990018297658235
2025-10-30T06:13:37.783609,2,R2L,3,0.9993344230840336
2025-10-30T06:13:38.703686,3,DoS,1,0.9995276678496927
2025-10-30T06:13:39.847818,4,Probe,2,0.9990050081966777
2025-10-30T06:13:41.012469,5,R2L,3,0.9993344163464674
2025-10-30T06:13:42.885579,6,saint,8,0.9997425855945666
2025-10-30T06:13:45.271293,7,Probe,2,0.999005086349802
2025-10-30T06:13:46.350977,8,snmpguess,9,0.9997453298190919
2025-10-30T06:13:47.686521,9,R2L,3,0.9993343703383796
2025-10-30T06:13:48.893046,10,mailbomb,5,0.9997453787271274
2025-10-30T06:13:51.407888,11,apache2,4,0.9997456347012705
2025-10-30T06:13:53.863668,12,mscan,6,0.9997140869255544
2025-10-30T06:13:54.594090,13,Probe,2,0.9990052105332278
2025-10-30T06:13:55.557930,14,apache2,4,0.9997456314855985
2025-10-30T06:13:56.301060,15,Probe,2,0.9989290505147507
2025-10-30T06:13:57.108779,16,R2L,3,0.9993345812381734
2025-10-30T06:13:57.622264,17,processtable,7,0.9997455150559211
2025-10-30T06:13:58.027269,18,mscan,6,0.9997140796998367
2025-10-30T06:13:58.426458,19,mailbomb,5,0.9997452063800913
2025-10-30T06:13:35.745039,0,saint,8,0.9997437895658937
2025-10-30T06:13:37.144928,1,Probe,2,0.9990050840726259
2025-10-30T06:13:38.422961,2,Probe,2,0.9990042333741718
2025-10-30T06:13:39.210495,3,mailbomb,5,0.9997453431885586
2025-10-30T06:13:40.434869,4,mailbomb,5,0.99974536960872
2025-10-30T06:13:42.245582,5,R2L,3,0.9993347827501684
2025-10-30T06:13:43.347929,6,mailbomb,5,0.9997453766741592
2025-10-30T06:13:45.367284,7,snmpguess,9,0.9997452243766338
2025-10-30T06:13:46.733563,8,Probe,2,0.9989561959680879
2025-10-30T06:13:48.198461,9,R2L,3,0.9993348361850016
2025-10-30T06:13:49.573531,10,apache2,4,0.9997456128912313
2025-10-30T06:13:52.031832,11,Probe,2,0.9990040902112308
2025-10-30T06:13:54.343660,12,Benign,0,0.9999338815361245
2025-10-30T06:13:55.324692,13,R2L,3,0.9993341371597445
2025-10-30T06:13:56.036144,14,processtable,7,0.9997455129921959
2025-10-30T06:13:56.810757,15,processtable,7,0.9997455082695449
2025-10-30T06:13:57.606640,16,mscan,6,0.9997139333184957
2025-10-30T06:13:58.011611,17,saint,8,0.9997435284646249
2025-10-30T06:13:58.327266,18,mailbomb,5,0.9997453440163883
2025-10-30T06:13:58.642201,19,processtable,7,0.9997446777031498
2025-10-30T06:51:09.998094,0,DoS,1,0.9995276446842334
2025-10-30T06:51:12.475462,1,DoS,1,0.9995276722497284
2025-10-30T06:51:14.646840,2,apache2,4,0.9997456150092244
2025-10-30T06:51:16.101007,3,R2L,3,0.9993348040499644
2025-10-30T06:51:17.866610,4,apache2,4,0.9997456122997265
2025-10-30T06:51:19.414910,5,mscan,6,0.9997139345293167
2025-10-30T06:51:21.110788,6,processtable,7,0.9997455215048974
2025-10-30T06:51:22.341405,7,mscan,6,0.9997140501214719
2025-10-30T06:51:23.674922,8,snmpguess,9,0.9997452953537022
2025-10-30T06:51:24.960731,9,Benign,0,0.9999337295078881
2025-10-30T06:51:26.272193,10,mscan,6,0.9997140533231552
2025-10-30T06:51:27.546302,11,Benign,0,0.9999411633934215
2025-10-30T06:51:29.357666,12,Probe,2,0.9990036652951335
2025-10-30T06:51:37.057730,13,Benign,0,0.9999412320008167
2025-10-30T06:51:43.255417,14,mailbomb,5,0.99974536960872
2025-10-30T06:51:43.822736,15,Probe,2,0.9990050597304448
2025-10-30T06:51:44.237500,16,processtable,7,0.9997455489760908
2025-10-30T06:51:44.718742,17,R2L,3,0.9993348316572254
2025-10-30T06:51:45.198466,18,apache2,4,0.9997456411665075
2025-10-30T06:51:45.747667,19,mailbomb,5,0.9997453651366379
2025-10-30T06:57:57.533987,0,mscan,6,0.9997140995410627
2025-10-30T06:57:57.876355,1,R2L,3,0.9993346486853544
2025-10-30T06:57:58.178739,2,DoS,1,0.9995276675332765
2025-10-30T06:57:58.478573,3,Benign,0,0.9999412276108732
2025-10-30T06:57:58.738638,4,Probe,2,0.9989984514617198
2025-10-30T06:57:59.679394,5,R2L,3,0.999334787387604
2025-10-30T06:58:01.078728,6,Benign,0,0.9999412028619078
2025-10-30T06:58:02.250060,7,mailbomb,5,0.9997453615026446
2025-10-30T06:58:03.099807,8,Probe,2,0.9990035428256847
2025-10-30T06:58:04.076259,9,apache2,4,0.9997456062440572
2025-10-30T06:58:05.593874,10,R2L,3,0.9993346407217485
2025-10-30T06:58:06.961996,11,snmpguess,9,0.9997453286129089
2025-10-30T06:58:08.048358,12,snmpguess,9,0.999745330423138
2025-10-30T06:58:09.128299,13,mscan,6,0.9997140969841833
2025-10-30T06:58:10.319380,14,mscan,6,0.9997140950214739
2025-10-30T06:58:11.517658,15,processtable,7,0.999745548041408
2025-10-30T06:58:12.693752,16,processtable,7,0.9997455500762322
2025-10-30T06:58:15.799324,17,mailbomb,5,0.999745373921378
2025-10-30T06:58:22.704521,18,R2L,3,0.9993348563052742
2025-10-30T06:58:28.057896,19,R2L,3,0.9993307694780285
2025-10-30T06:58:32.587079,0,DoS,1,0.9995276678899178
2025-10-30T07:00:13.764648,1,mscan,6,0.9997141001472927
2025-10-30T07:00:14.277246,2,snmpguess,9,0.9997452624920148
2025-10-30T07:00:14.846932,3,DoS,1,0.9995276689117707
2025-10-30T07:00:15.384171,4,DoS,1,0.999527612490553
2025-10-30T07:00:15.540080,5,mscan,6,0.9997140778367213
2025-10-30T07:00:15.767949,6,DoS,1,0.9995275896671366
2025-10-30T07:00:16.002882,7,mscan,6,0.9997140818623559
2025-10-30T07:00:16.288007,8,mailbomb,5,0.9997453716508836
2025-10-30T07:00:16.725588,9,Probe,2,0.9990001995166047
2025-10-30T07:00:16.925475,10,mscan,6,0.9997137914985382
2025-10-30T07:00:17.110368,11,R2L,3,0.9993338366202466
2025-10-30T07:00:17.373773,12,Benign,0,0.9999412307949571
2025-10-30T07:00:17.719489,13,mscan,6,0.9997140944037255
2025-10-30T07:00:18.143631,14,snmpguess,9,0.9997453283709574
2025-10-30T07:00:18.334633,15,R2L,3,0.999334707956848
2025-10-30T07:00:18.670576,16,snmpguess,9,0.9997451860510008
2025-10-30T07:00:18.872542,17,processtable,7,0.9997446777031498
2025-10-30T07:00:19.140551,18,DoS,1,0.999527670306945
2025-10-30T07:00:19.307480,19,mscan,6,0.9997140898641043
2025-10-30T06:58:36.026068,0,R2L,3,0.999334536366826
2025-10-30T07:00:14.167316,1,mscan,6,0.9997140919644766
2025-10-30T07:00:14.880464,2,apache2,4,0.9997456357752242
2025-10-30T07:00:15.620034,3,R2L,3,0.9993323351366366
2025-10-30T07:00:15.905904,4,DoS,1,0.9995273569072958
2025-10-30T07:00:16.187062,5,DoS,1,0.9995276688624335
2025-10-30T07:00:16.332550,6,DoS,1,0.9995276554261117
2025-10-30T07:00:16.596142,7,snmpguess,9,0.9997452678982673
2025-10-30T07:00:16.855518,8,apache2,4,0.9997456102669675
2025-10-30T07:00:17.129358,9,R2L,3,0.9993348070151193
2025-10-30T07:00:17.414749,10,Probe,2,0.9990050729708505
2025-10-30T07:00:17.621631,11,DoS,1,0.9995276685324657
2025-10-30T07:00:17.927579,12,mailbomb,5,0.9997453772697513
2025-10-30T07:00:18.319645,13,saint,8,0.9997429299429507
2025-10-30T07:00:18.524575,14,Probe,2,0.9990049506375698
2025-10-30T07:00:18.696561,15,apache2,4,0.9997456024079766
2025-10-30T07:00:19.021588,16,mscan,6,0.9997140861935011
2025-10-30T07:00:19.290487,17,snmpguess,9,0.9997453293479861
2025-10-30T07:00:19.491477,18,processtable,7,0.9997455104578773
2025-10-30T07:00:19.683665,19,apache2,4,0.9997456410544189
2025-10-30T06:58:30.088017,0,saint,8,0.9997432939953257
2025-10-30T07:00:13.756025,1,snmpguess,9,0.9997438155802632
2025-10-30T07:00:14.555092,2,mscan,6,0.9997140391647523
2025-10-30T07:00:15.447133,3,Probe,2,0.9990021518893449
2025-10-30T07:00:15.668008,4,processtable,7,0.9997455488627386
2025-10-30T07:00:16.109936,5,R2L,3,0.9993302830322855
2025-10-30T07:00:16.365065,6,processtable,7,0.9997455489823049
2025-10-30T07:00:16.627648,7,apache2,4,0.9997456135542224
2025-10-30T07:00:16.862512,8,Benign,0,0.9999412310611723
2025-10-30T07:00:17.112368,9,Probe,2,0.9990050792661296
2025-10-30T07:00:17.314300,10,Probe,2,0.9990050890536819
2025-10-30T07:00:17.581654,11,snmpguess,9,0.9997453245047574
2025-10-30T07:00:17.909591,12,Probe,2,0.9990050685075115
2025-10-30T07:00:18.203708,13,processtable,7,0.9997455519776324
2025-10-30T07:00:18.386618,14,mscan,6,0.9997136569518885
2025-10-30T07:00:18.889534,15,saint,8,0.9997426988175686
2025-10-30T07:00:19.028585,16,Benign,0,0.9999412300901523
2025-10-30T07:00:19.285491,17,saint,8,0.9997426672070086
2025-10-30T07:00:19.567489,18,R2L,3,0.9993344484316311
2025-10-30T07:00:19.815590,19,snmpguess,9,0.9997453244945601
2025-10-30T06:58:32.482508,0,Benign,0,0.9999248516269824
2025-10-30T07:00:13.949437,1,mscan,6,0.9997140710315272
2025-10-30T07:00:14.299241,2,DoS,1,0.9995276571311903
2025-10-30T07:00:14.896448,3,snmpguess,9,0.9997452701039821
2025-10-30T07:00:15.682001,4,saint,8,0.9997436065968365
2025-10-30T07:00:16.077835,5,Benign,0,0.9999412314421691
2025-10-30T07:00:16.519189,6,R2L,3,0.9993340871716812
2025-10-30T07:00:16.840524,7,mscan,6,0.9997140989041073
2025-10-30T07:00:17.116366,8,Benign,0,0.9999412320764716
2025-10-30T07:00:17.500700,9,Probe,2,0.9990047405724802
2025-10-30T07:00:17.843627,10,mscan,6,0.9997140596370259
2025-10-30T07:00:18.326638,11,saint,8,0.9997436692692968
2025-10-30T07:00:18.584587,12,mailbomb,5,0.9997453660066914
2025-10-30T07:00:18.735540,13,DoS,1,0.9995276680373322
2025-10-30T07:00:18.951628,14,Probe,2,0.9990051007103892
2025-10-30T07:00:19.274499,15,snmpguess,9,0.9997453278924735
2025-10-30T07:00:19.434509,16,mailbomb,5,0.9997453583575928
2025-10-30T07:00:19.616525,17,Probe,2,0.9990050704586948
2025-10-30T07:00:19.814591,18,Benign,0,0.9999412206332736
2025-10-30T07:00:19.997485,19,R2L,3,0.9993290726020609
2025-10-30T06:58:33.242325,0,mailbomb,5,0.9997451993719559
2025-10-30T07:00:13.810516,1,R2L,3,0.9993342501879553
2025-10-30T07:00:14.485129,2,Probe,2,0.9989998450044772
2025-10-30T07:00:15.115323,3,Probe,2,0.999005086349802
2025-10-30T07:00:15.807927,4,R2L,3,0.999334838358141
2025-10-30T07:00:16.107937,5,Benign,0,0.9999412329425873
2025-10-30T07:00:16.409072,6,mscan,6,0.999714087890369
2025-10-30T07:00:16.818536,7,snmpguess,9,0.9997453286129089
2025-10-30T07:00:17.162340,8,processtable,7,0.9997455493295493
2025-10-30T07:00:17.379769,9,R2L,3,0.9993344626218457
2025-10-30T07:00:17.730483,10,Probe,2,0.9990046880853161
2025-10-30T07:00:18.149630,11,processtable,7,0.999745548147678
2025-10-30T07:00:18.473604,12,Probe,2,0.9990043369085062
2025-10-30T07:00:18.703558,13,apache2,4,0.9997456328152072
2025-10-30T07:00:18.981610,14,Probe,2,0.9990046005015497
2025-10-30T07:00:19.317510,15,R2L,3,0.9993346704995911
2025-10-30T07:00:19.682666,16,mailbomb,5,0.9997453766741592
2025-10-30T07:00:19.856567,17,apache2,4,0.9997456362602756
2025-10-30T07:00:20.088435,18,saint,8,0.999742679719344
2025-10-30T07:00:20.205438,19,DoS,1,0.9995276655037336
2025-10-30T07:00:13.879474,0,Benign,0,0.9999412323289467
2025-10-30T07:00:14.903445,1,mscan,6,0.9997141026909431
2025-10-30T07:00:15.637036,2,saint,8,0.9997424568553726
2025-10-30T07:00:15.882917,3,DoS,1,0.9995276700017787
2025-10-30T07:00:16.260020,4,mscan,6,0.9997140835062523
2025-10-30T07:00:16.789552,5,R2L,3,0.9993347369914468
2025-10-30T07:00:17.124360,6,mailbomb,5,0.9997453544747985
2025-10-30T07:00:17.430742,7,mscan,6,0.9997127844965064
2025-10-30T07:00:17.832635,8,saint,8,0.9997438120530139
2025-10-30T07:00:18.176723,9,DoS,1,0.9995276534236214
2025-10-30T07:00:18.312645,10,DoS,1,0.9995276594998802
2025-10-30T07:00:18.587584,11,saint,8,0.9997425855945666
2025-10-30T07:00:18.796586,12,Benign,0,0.9999412303218912
2025-10-30T07:00:19.157539,13,saint,8,0.9997429299429507
2025-10-30T07:00:19.449501,14,R2L,3,0.9993344799668985
2025-10-30T07:00:19.778610,15,Probe,2,0.9990051906941823
2025-10-30T07:00:19.912535,16,DoS,1,0.9995276693669203
2025-10-30T07:00:20.021473,17,snmpguess,9,0.9997453301757798
2025-10-30T07:00:20.125485,18,DoS,1,0.9995276716817595
2025-10-30T07:00:20.228427,19,Probe,2,0.9990049877393068
2025-10-30T07:00:14.335216,0,saint,8,0.9997438004532291
2025-10-30T07:00:14.859924,1,mailbomb,5,0.9997453660066914
2025-10-30T07:00:15.454130,2,mscan,6,0.9997140975721862
2025-10-30T07:00:15.817921,3,DoS,1,0.9995276694902906
2025-10-30T07:00:16.121928,4,R2L,3,0.9993346477295105
2025-10-30T07:00:16.425100,5,snmpguess,9,0.9997453283709574
2025-10-30T07:00:16.759569,6,R2L,3,0.9993347822160792
2025-10-30T07:00:17.122362,7,saint,8,0.99974272740075
2025-10-30T07:00:17.479712,8,saint,8,0.9997434349625224
2025-10-30T07:00:17.795517,9,mailbomb,5,0.9997453499294361
2025-10-30T07:00:18.075547,10,mscan,6,0.9997140221081195
2025-10-30T07:00:18.454615,11,R2L,3,0.9993347393706693
2025-10-30T07:00:18.694563,12,Benign,0,0.9999392768321983
2025-10-30T07:00:18.965620,13,snmpguess,9,0.9997453283709574
2025-10-30T07:00:19.147546,14,processtable,7,0.9997455515007543
2025-10-30T07:00:19.312476,15,processtable,7,0.9997455329194576
2025-10-30T07:00:19.730640,16,saint,8,0.9997435357843809
2025-10-30T07:00:20.008479,17,saint,8,0.9997435237557348
2025-10-30T07:00:20.150471,18,DoS,1,0.9995276696529912
2025-10-30T07:00:20.264569,19,Probe,2,0.9989042659647454
2025-10-30T07:00:20.683095,0,saint,8,0.9997425855945666
2025-10-30T07:00:20.725072,1,R2L,3,0.9993331135035082
2025-10-30T07:00:20.766051,2,apache2,4,0.9997456084067098
2025-10-30T07:00:20.808026,3,R2L,3,0.9993240086714013
2025-10-30T07:00:20.853000,4,R2L,3,0.9993335878295532
2025-10-30T07:00:20.895974,5,mailbomb,5,0.9997453544747985
2025-10-30T07:00:20.936951,6,mscan,6,0.9997127844965064
2025-10-30T07:00:20.979468,7,Probe,2,0.9990051696544635
2025-10-30T07:00:21.022442,8,processtable,7,0.9997455091785958
2025-10-30T07:00:21.071416,9,R2L,3,0.9993345479821661
2025-10-30T07:00:21.109394,10,mailbomb,5,0.9997453583575928
2025-10-30T07:00:21.149369,11,apache2,4,0.9997456122997265
2025-10-30T07:00:21.192346,12,processtable,7,0.9997455501869866
2025-10-30T07:00:21.234321,13,saint,8,0.9997434301525164
2025-10-30T07:00:21.279295,14,DoS,1,0.9995276665176753
2025-10-30T07:00:21.325789,15,mailbomb,5,0.999745364851135
2025-10-30T07:00:21.368765,16,Benign,0,0.9999411173396512
2025-10-30T07:00:21.414735,17,DoS,1,0.9995276186082919
2025-10-30T07:00:21.470702,18,apache2,4,0.9997456367452127
2025-10-30T07:00:21.510680,19,processtable,7,0.9997455489823049
2025-10-30T07:00:22.762532,0,mscan,6,0.9997140983210053
2025-10-30T07:00:22.800511,1,mailbomb,5,0.9997453766741592
2025-10-30T07:00:22.849482,2,DoS,1,0.9995275589774962
2025-10-30T07:00:22.909452,3,processtable,7,0.9997455510284456
2025-10-30T07:00:22.963417,4,saint,8,0.9997432502865766
2025-10-30T07:00:23.010392,5,processtable,7,0.9997454957622716
2025-10-30T07:00:23.065360,6,mscan,6,0.9997140338257721
2025-10-30T07:00:23.114335,7,R2L,3,0.9993348120143156
2025-10-30T07:00:23.164303,8,mailbomb,5,0.9997453590601648
2025-10-30T07:00:23.207278,9,apache2,4,0.9997456409478069
2025-10-30T07:00:23.250255,10,mailbomb,5,0.9997453633042277
2025-10-30T07:00:23.292229,11,mscan,6,0.9997140989041073
2025-10-30T07:00:23.335204,12,apache2,4,0.999745614709872
2025-10-30T07:00:23.383178,13,mscan,6,0.9997140927331962
2025-10-30T07:00:23.424154,14,Benign,0,0.9999412211915643
2025-10-30T07:00:23.465130,15,DoS,1,0.9995275458146446
2025-10-30T07:00:23.506107,16,DoS,1,0.9995276132298787
2025-10-30T07:00:23.548084,17,mscan,6,0.9997140846694885
2025-10-30T07:00:23.591058,18,snmpguess,9,0.9997453301714472
2025-10-30T07:00:23.633034,19,mailbomb,5,0.9997453787271274
2025-10-30T07:00:24.681208,0,Probe,2,0.9990031807818851
2025-10-30T07:00:24.721186,1,mailbomb,5,0.9997453452383743
2025-10-30T07:00:24.762162,2,mailbomb,5,0.9997453766741592
2025-10-30T07:00:24.837120,3,Benign,0,0.9999412185406522
2025-10-30T07:00:24.876097,4,mailbomb,5,0.9997453431885586
2025-10-30T07:00:24.912076,5,mscan,6,0.9997140968155541
2025-10-30T07:00:24.948058,6,saint,8,0.999742995270841
2025-10-30T07:00:24.984545,7,processtable,7,0.9997455515032859
2025-10-30T07:00:25.024523,8,Benign,0,0.8233657205541436
2025-10-30T07:00:25.065501,9,saint,8,0.9997434088111463
2025-10-30T07:00:25.107475,10,R2L,3,0.9993346640137456
2025-10-30T07:00:25.147453,11,processtable,7,0.9997455489823049
2025-10-30T07:00:25.190428,12,mscan,6,0.9997140972519051
2025-10-30T07:00:25.230405,13,saint,8,0.9997437977022166
2025-10-30T07:00:25.273380,14,processtable,7,0.9997455129921959
2025-10-30T07:00:25.315357,15,Benign,0,0.9999409431808367
2025-10-30T07:00:25.356333,16,saint,8,0.999742679719344
2025-10-30T07:00:25.398309,17,DoS,1,0.999527666768681
2025-10-30T07:00:25.447282,18,R2L,3,0.999334838358141
2025-10-30T07:00:25.492255,19,Probe,2,0.999005080185133
2025-10-30T07:00:26.695352,0,DoS,1,0.9995276121359173
2025-10-30T07:00:26.743323,1,snmpguess,9,0.9997453217174941
2025-10-30T07:00:26.788299,2,mscan,6,0.9997140823407269
2025-10-30T07:00:26.833273,3,saint,8,0.9997425855945666
2025-10-30T07:00:26.875249,4,Probe,2,0.9990046374800088
2025-10-30T07:00:26.914226,5,saint,8,0.9997438029139555
2025-10-30T07:00:26.956202,6,Benign,0,0.9999043138148253
2025-10-30T07:00:26.996179,7,Probe,2,0.9990051879947762
2025-10-30T07:00:27.042155,8,mscan,6,0.9997140938596094
2025-10-30T07:00:27.083129,9,saint,8,0.9997433945274897
2025-10-30T07:00:27.123108,10,DoS,1,0.9995276712522773
2025-10-30T07:00:27.163084,11,snmpguess,9,0.9997452939240244
2025-10-30T07:00:27.205060,12,processtable,7,0.9997455508940665
2025-10-30T07:00:27.245037,13,R2L,3,0.9993346329369828
2025-10-30T07:00:27.285014,14,saint,8,0.9997438022675936
2025-10-30T07:00:27.322993,15,mailbomb,5,0.9997453680559275
2025-10-30T07:00:27.363970,16,mailbomb,5,0.9997453503365114
2025-10-30T07:00:27.406946,17,mscan,6,0.999713626326229
2025-10-30T07:00:27.447923,18,processtable,7,0.9997455489823049
2025-10-30T07:00:27.497892,19,saint,8,0.9997438138237417
2025-10-30T07:00:28.707903,0,R2L,3,0.9993335953443977
2025-10-30T07:00:28.742883,1,R2L,3,0.9993347746171257
2025-10-30T07:00:28.777862,2,apache2,4,0.9997456339910832
2025-10-30T07:00:28.813842,3,DoS,1,0.9995276638573767
2025-10-30T07:00:28.857327,4,processtable,7,0.9997455507781088
2025-10-30T07:00:28.898303,5,processtable,7,0.999745541200378
2025-10-30T07:00:28.937283,6,mailbomb,5,0.9997453787271274
2025-10-30T07:00:28.977258,7,processtable,7,0.9997455206800928
2025-10-30T07:00:29.020235,8,processtable,7,0.9997455063840767
2025-10-30T07:00:29.059212,9,mscan,6,0.9997140936250065
2025-10-30T07:00:29.094193,10,DoS,1,0.99952767012894
2025-10-30T07:00:29.127174,11,apache2,4,0.9997456295688373
2025-10-30T07:00:29.165152,12,DoS,1,0.9995176869592173
2025-10-30T07:00:29.201131,13,mailbomb,5,0.999745365792136
2025-10-30T07:00:29.239109,14,DoS,1,0.9995124527012931
2025-10-30T07:00:29.274089,15,Benign,0,0.9999412331082046
2025-10-30T07:00:29.312067,16,mscan,6,0.999714078349658
2025-10-30T07:00:29.363038,17,Benign,0,0.9999261859487866
2025-10-30T07:00:29.402016,18,R2L,3,0.9993335953443977
2025-10-30T07:00:29.441994,19,mscan,6,0.9997140879543551
2025-10-30T07:00:30.705513,0,Benign,0,0.9999409502577048
2025-10-30T07:00:30.738494,1,mailbomb,5,0.9997453780214268
2025-10-30T07:00:30.773476,2,mailbomb,5,0.9997453787271274
2025-10-30T07:00:30.814451,3,apache2,4,0.9997456107386754
2025-10-30T07:00:30.858425,4,R2L,3,0.9993347822160792
2025-10-30T07:00:30.899402,5,snmpguess,9,0.9997453283709574
2025-10-30T07:00:30.941378,6,Probe,2,0.9990039576656147
2025-10-30T07:00:30.980355,7,snmpguess,9,0.9997453299397205
2025-10-30T07:00:31.022332,8,Probe,2,0.9989952841626641
2025-10-30T07:00:31.064308,9,apache2,4,0.9997455874847341
2025-10-30T07:00:31.105284,10,mailbomb,5,0.9997453507621126
2025-10-30T07:00:31.146292,11,snmpguess,9,0.9997453277684475
2025-10-30T07:00:31.183310,12,Benign,0,0.9999396671679222
2025-10-30T07:00:31.225286,13,mscan,6,0.9997140967340458
2025-10-30T07:00:31.265324,14,Probe,2,0.9990036730491572
2025-10-30T07:00:31.307347,15,Probe,2,0.999000746389313
2025-10-30T07:00:31.347351,16,mailbomb,5,0.9997453452383743
2025-10-30T07:00:31.388360,17,Benign,0,0.9999412318191887
2025-10-30T07:00:31.428338,18,Benign,0,0.999937273104732
2025-10-30T07:00:31.470313,19,mailbomb,5,0.9997453638576302
2025-10-30T07:00:32.707850,0,DoS,1,0.9995276689174781
2025-10-30T07:00:32.758820,1,processtable,7,0.9997453886187156
2025-10-30T07:00:32.809791,2,processtable,7,0.9997455510284456
2025-10-30T07:00:32.865760,3,DoS,1,0.9995276709916122
2025-10-30T07:00:32.923727,4,Probe,2,0.9990050946386636
2025-10-30T07:00:32.973699,5,snmpguess,9,0.9997453286129089
2025-10-30T07:00:33.015674,6,Probe,2,0.999005056131795
2025-10-30T07:00:33.059649,7,apache2,4,0.9997456319450873
2025-10-30T07:00:33.105623,8,snmpguess,9,0.9997453280020897
2025-10-30T07:00:33.146600,9,mailbomb,5,0.999745367033666
2025-10-30T07:00:33.189574,10,mailbomb,5,0.9997453741630273
2025-10-30T07:00:33.236547,11,Benign,0,0.9999412041838369
2025-10-30T07:00:33.293515,12,Benign,0,0.9999411428774918
2025-10-30T07:00:33.345485,13,mailbomb,5,0.9997453638985488
2025-10-30T07:00:33.399454,14,apache2,4,0.9997456324649433
2025-10-30T07:00:33.460433,15,snmpguess,9,0.9997453299397205
2025-10-30T07:00:33.522385,16,processtable,7,0.999745549231352
2025-10-30T07:00:33.578353,17,Probe,2,0.9990049506375698
2025-10-30T07:00:33.630323,18,snmpguess,9,0.9997453293479861
2025-10-30T07:00:33.682294,19,Probe,2,0.9990041456617197
2025-10-30T07:00:34.700075,0,mailbomb,5,0.9997452063800913
2025-10-30T07:00:34.762040,1,DoS,1,0.9995274477817016
2025-10-30T07:00:34.816010,2,DoS,1,0.9995271893477641
2025-10-30T07:00:34.874978,3,saint,8,0.9997438029139555
2025-10-30T07:00:34.930943,4,mscan,6,0.9997140070802324
2025-10-30T07:00:34.992907,5,apache2,4,0.9997456120624454
2025-10-30T07:00:35.037883,6,apache2,4,0.9997456112234803
2025-10-30T07:00:35.085855,7,DoS,1,0.9995276610551675
2025-10-30T07:00:35.127830,8,mscan,6,0.9997140968155541
2025-10-30T07:00:35.167808,9,processtable,7,0.9997455483790308
2025-10-30T07:00:35.213781,10,apache2,4,0.9997456135542224
2025-10-30T07:00:35.260755,11,saint,8,0.9997436223720754
2025-10-30T07:00:35.308727,12,apache2,4,0.9997456079096215
2025-10-30T07:00:35.360699,13,Probe,2,0.9990050715889772
2025-10-30T07:00:35.408670,14,mscan,6,0.9997140861184501
2025-10-30T07:00:35.457643,15,mscan,6,0.9997141001472927
2025-10-30T07:00:35.503617,16,mscan,6,0.9997112798281899
2025-10-30T07:00:35.547590,17,snmpguess,9,0.9997453295716853
2025-10-30T07:00:35.588568,18,Probe,2,0.9990005875777894
2025-10-30T07:00:35.628544,19,processtable,7,0.9997455500726263
2025-10-30T07:00:36.698291,0,DoS,1,0.9995270727823189
2025-10-30T07:00:36.746264,1,saint,8,0.9997431592065769
2025-10-30T07:00:36.792237,2,DoS,1,0.9995276726482304
2025-10-30T07:00:36.844207,3,R2L,3,0.9993345711094055
2025-10-30T07:00:36.883185,4,Benign,0,0.9999036104485519
2025-10-30T07:00:36.922163,5,mscan,6,0.9997140964003743
2025-10-30T07:00:36.965137,6,snmpguess,9,0.9997452660087233
2025-10-30T07:00:37.001117,7,snmpguess,9,0.9997453280020897
2025-10-30T07:00:37.042095,8,processtable,7,0.9997455489823049
2025-10-30T07:00:37.082071,9,mscan,6,0.9997127844965064
2025-10-30T07:00:37.126047,10,saint,8,0.9997436692692968
2025-10-30T07:00:37.167022,11,processtable,7,0.9997455206800928
2025-10-30T07:00:37.208998,12,mscan,6,0.9997139360256544
2025-10-30T07:00:37.248975,13,saint,8,0.9997431556117576
2025-10-30T07:00:37.290952,14,snmpguess,9,0.9997452698445415
2025-10-30T07:00:37.332928,15,apache2,4,0.9997456387577589
2025-10-30T07:00:37.374904,16,Probe,2,0.9990051021518035
2025-10-30T07:00:37.414881,17,mailbomb,5,0.9997453544778994
2025-10-30T07:00:37.455858,18,mailbomb,5,0.999745373921378
2025-10-30T07:00:37.495834,19,R2L,3,0.9993347335595524
2025-10-30T07:00:38.713258,0,mscan,6,0.9997140895007588
2025-10-30T07:00:38.753236,1,snmpguess,9,0.9997453301757798
2025-10-30T07:00:38.811203,2,apache2,4,0.9997456389889172
2025-10-30T07:00:38.863175,3,DoS,1,0.9995113780413322
2025-10-30T07:00:38.908148,4,processtable,7,0.9997455431749024
2025-10-30T07:00:38.952123,5,snmpguess,9,0.9997453244945601
2025-10-30T07:00:38.992098,6,apache2,4,0.9997456328152072
2025-10-30T07:00:39.034075,7,saint,8,0.9997427472132889
2025-10-30T07:00:39.072053,8,snmpguess,9,0.9997452814778718
2025-10-30T07:00:39.112031,9,DoS,1,0.999357770868324
2025-10-30T07:00:39.151008,10,snmpguess,9,0.9997453283674735
2025-10-30T07:00:39.192984,11,R2L,3,0.9993344926617015
2025-10-30T07:00:39.233961,12,snmpguess,9,0.9997453295716853
2025-10-30T07:00:39.275937,13,Probe,2,0.9990051825354808
2025-10-30T07:00:39.314914,14,apache2,4,0.9997456314855985
2025-10-30T07:00:39.354894,15,snmpguess,9,0.9997452718755674
2025-10-30T07:00:39.395868,16,Probe,2,0.9989076345375192
2025-10-30T07:00:39.435845,17,Benign,0,0.9999412310738928
2025-10-30T07:00:39.476822,18,saint,8,0.9997438117061337
2025-10-30T07:00:39.517799,19,R2L,3,0.9993331248190406
2025-10-30T07:00:40.746104,0,processtable,7,0.9997455513832066
2025-10-30T07:00:40.796074,1,Benign,0,0.9999412308203761
2025-10-30T07:00:40.853042,2,apache2,4,0.9997456410629493
2025-10-30T07:00:40.902526,3,saint,8,0.9997428178031706
2025-10-30T07:00:40.955497,4,Probe,2,0.9990045031840208
2025-10-30T07:00:40.998471,5,DoS,1,0.9995276693487165
2025-10-30T07:00:41.044445,6,Probe,2,0.9990048928873423
2025-10-30T07:00:41.096415,7,processtable,7,0.999745549231352
2025-10-30T07:00:41.145386,8,saint,8,0.9997432440775722
2025-10-30T07:00:41.195360,9,processtable,7,0.9997446777031498
2025-10-30T07:00:41.239334,10,DoS,1,0.9995274615849475
2025-10-30T07:00:41.282308,11,mailbomb,5,0.9997451993719559
2025-10-30T07:00:41.325802,12,saint,8,0.9997426988175686
2025-10-30T07:00:41.372774,13,Benign,0,0.9999412318650346
2025-10-30T07:00:41.412752,14,R2L,3,0.9993348161866202
2025-10-30T07:00:41.452730,15,Benign,0,0.9999412325811213
2025-10-30T07:00:41.492707,16,mscan,6,0.9997139975205516
2025-10-30T07:00:41.536686,17,apache2,4,0.999745614709872
2025-10-30T07:00:41.584191,18,Benign,0,0.9999396774079439
2025-10-30T07:00:41.629169,19,snmpguess,9,0.9997453293310671
2025-10-30T07:00:42.725218,0,saint,8,0.9997429423057086
2025-10-30T07:00:42.776700,1,apache2,4,0.9997456318388466
2025-10-30T07:00:42.878641,2,mailbomb,5,0.9997453651366379
2025-10-30T07:00:42.929612,3,mscan,6,0.9997140457912643
2025-10-30T07:00:42.977584,4,mailbomb,5,0.9997453716508836
2025-10-30T07:00:43.024559,5,DoS,1,0.9994945688086032
2025-10-30T07:00:43.069532,6,saint,8,0.9997436272895451
2025-10-30T07:00:43.121504,7,processtable,7,0.9997453542477479
2025-10-30T07:00:43.169476,8,DoS,1,0.9995276506760636
2025-10-30T07:00:43.220446,9,saint,8,0.9997432502865766
2025-10-30T07:00:43.263421,10,apache2,4,0.9997456314855985
2025-10-30T07:00:43.303398,11,snmpguess,9,0.9997452681568164
2025-10-30T07:00:43.345374,12,processtable,7,0.9997453886187156
2025-10-30T07:00:43.384352,13,processtable,7,0.9997453542477479
2025-10-30T07:00:43.425328,14,apache2,4,0.9997456254954826
2025-10-30T07:00:43.465306,15,DoS,1,0.9995276690762207
2025-10-30T07:00:43.507282,16,Probe,2,0.9990052067393176
2025-10-30T07:00:43.548259,17,Probe,2,0.999004251895961
2025-10-30T07:00:43.591235,18,mscan,6,0.9997140156301171
2025-10-30T07:00:43.631211,19,Benign,0,0.9999412272690058
2025-10-30T07:00:44.730589,0,mailbomb,5,0.9997453659986819
2025-10-30T07:00:44.773564,1,Benign,0,0.999937203880225
2025-10-30T07:00:44.812542,2,processtable,7,0.9997455483790308
2025-10-30T07:00:44.864511,3,processtable,7,0.999745541200378
2025-10-30T07:00:44.903489,4,Probe,2,0.9990050679578539
2025-10-30T07:00:44.944466,5,apache2,4,0.9997455786781354
2025-10-30T07:00:44.984443,6,apache2,4,0.9997456314855985
2025-10-30T07:00:45.027418,7,apache2,4,0.9997455742454978
2025-10-30T07:00:45.071393,8,Benign,0,0.9999412307252531
2025-10-30T07:00:45.111370,9,R2L,3,0.9993344491413589
2025-10-30T07:00:45.151349,10,Probe,2,0.9990031807818851
2025-10-30T07:00:45.192323,11,processtable,7,0.9997455287098389
2025-10-30T07:00:45.233301,12,mailbomb,5,0.9997453772697513
2025-10-30T07:00:45.274276,13,DoS,1,0.999527577346653
2025-10-30T07:00:45.315254,14,snmpguess,9,0.9997452706887363
2025-10-30T07:00:45.355231,15,mscan,6,0.9997140573572555
2025-10-30T07:00:45.394210,16,saint,8,0.9997429299429507
2025-10-30T07:00:45.434186,17,saint,8,0.9997433536276865
2025-10-30T07:00:45.477162,18,saint,8,0.9997434349625224
2025-10-30T07:00:45.517139,19,mscan,6,0.9997140964003743
